,title,price,link_item,index,discount,sales,brand,category,revenue
0,"(Hàng chính hãng) Điện thoại bàn hữu tuyến H2P, hiệu Alcatel - Lucent",2220000,https://tiki.vn/dien-thoai-ban-huu-tuyen-h2p-hieu-alcatel-lucent-p172537996.html?spid=172537997,1,,,Alcatel,dienthoaiban,
1,Điện Thoại Bàn Homephone lắp sim - Lắp Tất Cả Các Sim Đi Động - Di Chuyển Mang Đi Khắp Nơi - Hàng Chính Hãng,650000,https://tiki.vn/dien-thoai-ban-homephone-lap-sim-lap-tat-ca-cac-sim-di-dong-di-chuyen-mang-di-khap-noi-hang-chinh-hang-p62242668.html?spid=62242669,1,,58.0,China Mobile,dienthoaiban,37700000.0
2,Điện thoại Ip phone Cisco CP-7945G chính hãng,4500000,https://tiki.vn/dien-thoai-ip-phone-cisco-cp-7945g-chinh-hang-p15428119.html?spid=15428120,1,,,Cisco,dienthoaiban,
3,Cisco Unified IP Phone 7962G - Hàng chính hãng,4900000,https://tiki.vn/cisco-unified-ip-phone-7962g-hang-chinh-hang-p52002453.html?spid=52002454,2,,,Cisco,dienthoaiban,
4,Cisco Unified IP Phone CP-7821-K9 - Hàng chính hãng,2580000,https://tiki.vn/cisco-unified-ip-phone-cp-7821-k9-hang-chinh-hang-p52326343.html?spid=52326344,3,,,Cisco,dienthoaiban,
5,Điện thoại Ip phone Cisco CP-7841-K9 chính hãng,4200000,https://tiki.vn/dien-thoai-ip-phone-cisco-cp-7841-k9-chinh-hang-p14508445.html?spid=14508446,4,,,Cisco,dienthoaiban,
6,Điện Thoại IP Phone Fanvil X1S - Hàng Chính Hãng,950000,https://tiki.vn/dien-thoai-ip-phone-fanvil-x1s-hang-chinh-hang-p53380152.html?spid=68169992,1,,,Fanvil,dienthoaiban,
7,điện thoại IP622C - hàng chính hãng,1650000,https://tiki.vn/dien-thoai-ip622c-hang-chinh-hang-p29440849.html?spid=29440850,1,,,Flyingvoice,dienthoaiban,
8,Điện thoại IP Grandstream GRP 2601P hàng chính hãng,1050000,https://tiki.vn/dien-thoai-ip-grandstream-grp-2601p-hang-chinh-hang-p198868573.html?spid=198868574,1,,2.0,Grandstream,dienthoaiban,2100000.0
9,Điện thoại IP Grandstream GRP 2601 hàng chính hãng,880000,https://tiki.vn/dien-thoai-ip-grandstream-grp-2601-hang-chinh-hang-p198868735.html?spid=198868736,2,,2.0,Grandstream,dienthoaiban,1760000.0
10,Điện thoại bàn Không Dây Lắp Sim Homephone Hp1002c,765000,https://tiki.vn/dien-thoai-ban-khong-day-lap-sim-homephone-hp1002c-p11802138.html?spid=20319323,1,,94.0,HP,dienthoaiban,71910000.0
11,Điện Thoại Bàn Cố Định Không Dây Lắp Sim,390000,https://tiki.vn/dien-thoai-ban-co-dinh-khong-day-lap-sim-p31261844.html?spid=42255072,1,,103.0,Huawei,dienthoaiban,40170000.0
12,"Điện thoại cố định không dây cho người già, màn hình hiển thị đầu số - Hàng chính hãng",490000,https://tiki.vn/dien-thoai-co-dinh-khong-day-cho-nguoi-gia-man-hinh-hien-thi-dau-so-hang-chinh-hang-p42333095.html?spid=43808820,2,,13.0,Huawei,dienthoaiban,6370000.0
13,Điện thoại bàn Ktel 645 hàng chính hãng,398000,https://tiki.vn/dien-thoai-ban-ktel-645-hang-chinh-hang-p170165701.html?spid=170165703,1,,54.0,KTEL,dienthoaiban,21492000.0
14,Điện thoại bàn Panasonic KX-TS500MX-hàng chính hãng,300000,https://tka.tiki.vn/pixel/pixel?data=_xgoiWFf8HYq2qbcho8Xz3MKly_A4GKjNyNpA6FPZQBGSoBHNMyeeUkYf-HRkcsA6h90jcr1H7HrzN52VQPQ5mL5JqxahRqLBoyGE9GNcksvWkiMlH5Nhl7kuxtAGQiQldHtCaNZciEwY4MuUuzXPoTMvZEuOf2hPMf-Q48ijLcTu25lL9LorAtQC6F0pON8M3LWY7NUUvRCYTcECklkq5KPajd6gDrryIVXOztkgHCeBKofY9ixsB_1xQzDoRd_ZmfNgRSvGryZgjVdxiPG5rWamYv5-O_z34uMZATKxx8jt1j6aNeGBMGJXKnCh7CtDrJJckx-QagMTfF0DHU1lJjxORpBcaaB6KCRaoKj_5ZvFvfC7NuTKlLlWIORYT8CUSEu1m6x4xFuDW74zW3US36dSJnd_WLLyETzMJW7oXrwAFyjvSKNpXGD6wMxQtJG7_YzAvtWLqGcs16k8Xaq7vDAufC1y33bq6It68lLkvp-IAwB-bquPgVivrJvR_M5EYmL6YG3qk0o-qYifXKdl2lSexihUYsF-217hFE9MAwflgVrPpeUAknqCJWRnPmTkBMhOHj1eV3bDyYexedqT3yxwAh8HxtzjYSrfL9dcpGx8V8UQ0PyfcbYJkZJT7N6Bt6MjqlTFtJ1sX0Hi_3ARAPSF4l5zSPzYtnzvQDshB7QFh3Po2CpQCv4tdug0DhOA_Zq019hNPuiuUmDWKUQcHkyp4HcfbFVbwh77kQAdIUCUge_wNB6lHrptVeX8NFPxVY3cwAVDvd-A8C8Noe5kWmNLBf20P3ztkc26QVgp67ulk7OBeztFoUg9WM6GMZtq9yBzMyffNKTZcWF3hgpAlDvK63rGwztW-3FxLD97Id3PgUcR0Q2BvhL3RUaUQSn0J5NbvyNZC8zCP6xoiqu6m6Nu8y5BMSBxuFhkbYhH1Op8zjKRJ6O68LHnHAvn8lixa9PLx9GafzIxDu9pZBXO9UETH2ovjobxYVDtLoQ47v7McCOqKYoa5wy85maReFYn3s_F4b-yUAWV4UqS9iaEOMOhBwe-MHMyBZsLL1HgjQ&reqid=70ayojZkwmTsI1pm&type=CLICK&pos=1,1,-8%,819.0,Panasonic,dienthoaiban,245700000.0
15,Điện Thoại Bàn Panasonic KX-TSC11 - Hàng Chính Hãng,588000,https://tka.tiki.vn/pixel/pixel?data=iopHtlaDh8pWaHDpDgWxuSyWBAbk1GibB5sU2io9E392bpDTulGk_lkcuFx3IVS9ICOnzx-0iGd5086UdS8glSuBXMxeA1UfvHxOMpU86Bb-NcndsqTnLwtSERNcmEe6MEk_fthBrlowuokKkfEfBOBU8gEMm3G6yty9sovxJownvHAp6g3hPLUptt8PYm-4wzG2y5qbE46MgnhIlzQMp4VOtIq4TH9w7X2YY2wS22gwyuzqMGepS5p3HAYBZA2PpW9UAHODYZNW6nKuEtGmrXgE3MSOlcMrx4gBtFvfifGBGpJmqTL-SN43OG5N1-32Z8qOiQhZgJ2yqEks2TaMG78BF4K2BtWW2Tg5wQV8rGMSk5F6LYJxRvSZAmoH8Gnhem4IsnKi4KceUUZJwGXF0WLEajdmfDCaqBID5sCMFFxRlagnnZgcVsTeX4zRJ6Q9Muzd6ukFy59brT3xfpyRSwABVVDMyVShTEFhMHi0yG5vknJyRgsZN-XMq-Wd8xsaakPPhz_HO3sQMsPn_BMacIEcSb3De4A0OOp-yEA8qnGcWQaWt2c0JuJRz1o0BFIYG7X_3OanZgQIwnyWmTVFmOiMxrVNxXBOMH4lnMTm1ODoU7TgxJKPXpDbh96BwMDMDt1FhyGYbqCY8bB-ECcT8C4F035D91iIofVUQu5TiyfaKVW3eW4VXNwZOZkRQGTD0VwaLptdhAM75BojfT4Vm5aF0QDu37t83cLp5t2TBNwYwHppYaat5DFED01ekPAXJi00B4ST7GvtZBbyCnyISLVS0QX5dDgWsbkOhocUGAfcwU5X2B5kGLd_c4vJIvAFIE6km-p79vuSZohE-VKJx7HgHRsxsu-YwnZN_tDDCGipzDHpeUNsGa3ppGdR6Fpcu6EB0i0iH14UrYainmccGx5nnZW4wrVTM29oXbY47-ePaU_aBNTVMb3rz2j7Z6tbrGizT4khEIsou4fApFRrMYhbA4IZ7q6TnyejWZAQntaE_QQ0wwNK6VMPylBK5ax_3JPWbx8B2NL_6WP4vN6zO6OCsuh-XUghCCrP7lZWcKI2lObB6_Sm4B_-rw&reqid=70ayojZkwmTsI1pm&type=CLICK&pos=2,2,-4%,245.0,Panasonic,dienthoaiban,144060000.0
16,Điện thoại bàn Panasonic KX-TGF310 hàng chính hãng,2250000,https://tka.tiki.vn/pixel/pixel?data=FbDU_twTq114ZklHJA1KXKbo8FeoG7V5aNgn_e6oVefOb6E-T3VTM2x_zqCK4CsHw8RF8M07TdkfJVBLt7XyeZdrEkSw-IRZdeUQ0ChK5wIu5ES8xmGYyEq0nZbjYMer9cwF017yiS6rStdnM_qGcz5oKSDZ2enPipS_oDr6uemgjrqAj_BzlES8Z_g6AxXL3uu8EaO-0yag9rtpmVBCAqub3V4WUOvxUQdOlzColikrtnLOh0Hwh00x3WeGhwxbznncVdCAFPYmW42ltS2MSDJVwVNj9unWcB8TU_m6vrzfH_yj5zisH_2XomiBjf3zCDJtwzxHPGMXvf0bxCkKZgZ5Z606SZQ8mMrLBhJb-xD_nauMgfz26wJ9lkfE-IyqrGQP0OMx1Y4_lX_NgRbilS5iy6DQK_JBio7gtc4az04wH0ODSib4WRqKIpwP5lqqdJI7bSRaPswmUY3DWt9PSIarNUxQTFQaEouB3EbcvJsvbLyXk4ovh1aL5ay0AwWo3-NjMPsfXmLxVMqIE75kCVsQrMhPlm-G2YiBoJC-z01-09RJAtttpjknK38TKAvbcFFLFynMR7doPoLqtF98CnUiPd8KEA3ODexTip_3EjfHqSj9FNLktHCK3xX78hRgk5f9Y1JWGmVvklpGA8T7Cw0z6obXkCqTTw-KE1UZ3jm9LXZp7SjFjl8pxnFuf2zncV90GpZOA1n6RBODtxXxx-D7DzZXy9OQ3MOIlfeBhuS2CR3PrWx6t_AYQAHhNTXrFXKFWh6inlul53b2Xxc7qt5zjY0qTKT2ecs1KF4H4_9DeUWTvF0QQB2VaHPtsTK9sKsof74TPKO51NReLmgK0J895W9VWrmnQOOEorcFgtA3n58yoP0d2nWLarG83qkaNcbsi24qQzE5IsV8pwIa7LZFQAS--9fGpAfWTq5y9zerp0BjiJgTdCoWc6uqHDdN6WGs17UxhsGo-KO6vRe2GPYYPGjoD45xudQHqNkZwFAoyfro-RfMeRHbH5PBr-biXK3eAWDEZJCLs2ODDlZegImLc44oM_Lt1QQCOQ9_mH_bqUQRMS1wTmf5OHc&reqid=70ayojZkwmTsI1pm&type=CLICK&pos=3,3,,34.0,Panasonic,dienthoaiban,76500000.0
17,Điện thoại bàn Panasonic KX-TGC312 hàng chính hãng,1590000,https://tka.tiki.vn/pixel/pixel?data=6psZR7yI2HGw7cb7yPPU0QULtRW8KTQIvx10SgJxpdH9_JLr3gFCUmRUMCgXIdwiZynppMF6W2PwmQShwD-407CvLrUn64z0q4p0oFfoujFcOVDbO3g_XR2Q9OrHHNo_MDMy-VtLaE_VBeNBtgolhiqfjbLeBTwrvekr_nzv4J6XRSO3kupu7RO5C3yKvfLc_AJduApOqrqM9_qa6N56VS_fh-_Ab3z7u87WgaqWUB-r5Umt0hgwj0L1px_ozg5GzWM8lTzls1pmcpepBhxiDA_BLhBE4u6iXHzZ01zZQnbFrExpS6Mv3lmrIzmsAlx4UmRnFqZnnxfpPkr48gPx5OIBSQoe1804XPStYKTsy_bzTPgHMONUTczEKLwEmvnxJR5Hdhy6w-pJz3KZFkRVkmuadcQbLv0AyGg08FMKq7RG7NoM-lx2Rikw1N_lzDji1FhTHWn6YJaRUVnm_KeN5WMJ8GElFO_a_OKVBjPfapUchwY62M8grvg4W5CvaBhqgPoGUuMz1HysiKMM4SlH9V1DjsKRB1YXDKO1UYBzk-bE-UULilIoOvd7AYA8yw68uzlpZ6K9KED96S2RD0796p0lXup6foykp4r5OD0en_sagBykJzgHYGfb3kQJFDlLpm4zxkezPjhUC3mmBUJnAUbHgFjBgKKe63N7Y-wjQkd7dsnqKspMaLrW_3UFad9hl-_votJjOzd1JQ7oBck6Z41OvIJra5hzokJ2lm-lppmhlVXpfZ68OpbuxkQMLOVB3BwXqpd0VYuS7eQH8CDB6S4yULxFNbk7YeiXsR4f6kcr2lr1nrwhgK78szX_fuUYGGGuDjdp47bJ5zCzIfV0PyWEcjQcxaYbp7cLGSaC_6uePrnpEFY6A3B8jGG7g11UQaEHyVKXW9MzaKtbUb69anoZ6PShdwqOXdk8uw6XtJ2D9dpbkbxKVcGJel9vCo2LxgG84A4W4fwnd4a0zN0gUDmPixGiZuKQV2wrz4zfiQoGinyUX75lrpLmNIlq-LBkh0J_ddl_Eg7dPIuE6jyWgjWfPuZsIxm1amHW2JmcFjjEBWudiCKvTNK6p0c&reqid=70ayojZkwmTsI1pm&type=CLICK&pos=4,4,,28.0,Panasonic,dienthoaiban,44520000.0
18,Điện thoại bàn Panasonic KX-TS500MX-hàng chính hãng,290000,https://tiki.vn/dien-thoai-ban-kxts500-hang-chinh-hang-p163914808.html?spid=165068836,5,,816.0,Panasonic,dienthoaiban,236640000.0
19,Điện Thoại Bàn Panasonic KX-TS500,339000,https://tiki.vn/dien-thoai-ban-panasonic-kx-ts500-hang-chinh-hang-p4048043.html?spid=26682811,6,,310.0,Panasonic,dienthoaiban,105090000.0
20,Điện thoại để bàn Panasonic KX-TS560 hàng chính hãng,600000,https://tiki.vn/dien-thoai-de-ban-panasonic-kx-ts560-hang-chinh-hang-p16518032.html?spid=49302194,7,,7.0,Panasonic,dienthoaiban,4200000.0
21,Điện thoại không dây Panasonic KX-TGC212 - Hàng Chính Hãng,1650000,https://tiki.vn/dien-thoai-khong-day-panasonic-kx-tgc212-hang-chinh-hang-p21465183.html?spid=49302206,8,,15.0,Panasonic,dienthoaiban,24750000.0
22,Điện thoại Panasonic KX-TGF320CX -Hàng chính hãng,2499000,https://tiki.vn/dien-thoai-panasonic-kx-tgf320cx-hang-chinh-hang-p118146255.html?spid=118146257,9,,8.0,Panasonic,dienthoaiban,19992000.0
23,Điện thoại bàn Panasonic KX-TGF310 hàng chính hãng,2250000,https://tiki.vn/dien-thoai-ban-panasonic-kx-tgf310-hang-chinh-hang-p164318603.html?spid=164318604,10,,34.0,Panasonic,dienthoaiban,76500000.0
24,Điện Thoại Để Bàn Panasonic KX-TS500MX - Hàng Chính Hãng,299000,https://tiki.vn/dien-thoai-de-ban-panasonic-kx-ts500mx-hang-chinh-hang-p23865953.html?spid=50475052,11,,69.0,Panasonic,dienthoaiban,20631000.0
25,Điện Thoại Bàn Panasonic KX-TSC11 - Hàng Chính Hãng - Trắng,588000,https://tiki.vn/dien-thoai-ban-panasonic-kx-tsc11-hang-chinh-hang-p204237269.html?spid=204267315,12,,245.0,Panasonic,dienthoaiban,144060000.0
26,Điện Thoại Bàn Panasonic KXTGC313CX - Hàng Chính Hãng,2150000,https://tiki.vn/dien-thoai-ban-panasonic-kxtgc313cx-hang-chinh-hang-p4064449.html?spid=43205331,13,,2.0,Panasonic,dienthoaiban,4300000.0
27,Điện thoại bàn không dây Panasonic KX-TGB112 - Hàng Chính Hãng,1250000,https://tiki.vn/dien-thoai-ban-khong-day-panasonic-kx-tgb112-hang-chinh-hang-p11251743.html?spid=42326767,14,,19.0,Panasonic,dienthoaiban,23750000.0
28,Điện thoại bàn không dây Panasonic KX-TGC312 - Hàng chính hãng,1360000,https://tiki.vn/dien-thoai-ban-khong-day-panasonic-kx-tgc312-hang-chinh-hang-p11251735.html?spid=49302209,15,,6.0,Panasonic,dienthoaiban,8160000.0
29,Điện thoại bàn Panasonic KX-TGB112 hàng chính hãng,1250000,https://tiki.vn/dien-thoai-ban-panasonic-kx-tgb112-hang-chinh-hang-p164318507.html?spid=164318508,16,,16.0,Panasonic,dienthoaiban,20000000.0
30,Điện Thoại Bàn Panasonic KX-TS500MX - Panasonic KX-TS500MX Integrated Telephone System - Hàng chính hãng,299000,https://tiki.vn/dien-thoai-ban-panasonic-kx-ts500mx-panasonic-kx-ts500mx-integrated-telephone-system-hang-chinh-hang-p31820638.html?spid=49302144,17,,95.0,Panasonic,dienthoaiban,28405000.0
31,Điện thoại Panasonic KX-TSC11MX -Hàng chính hãng,599000,https://tiki.vn/dien-thoai-panasonic-kx-tsc11mx-hang-chinh-hang-p117929342.html?spid=117929343,18,,42.0,Panasonic,dienthoaiban,25158000.0
32,Điện thoại bàn không dây Panasonic KX-TGB110-Hàng Chính Hãng,800000,https://tiki.vn/dien-thoai-ban-khong-day-panasonic-kx-tgb110-hang-chinh-hang-p11251951.html?spid=51326642,19,,13.0,Panasonic,dienthoaiban,10400000.0
33,Điện thoại bàn không dây Panasonic KX-TGF310 - Hàng Chính Hãng,2265000,https://tiki.vn/dien-thoai-ban-khong-day-panasonic-kx-tgf310-hang-chinh-hang-p21317020.html?spid=49302166,20,,15.0,Panasonic,dienthoaiban,33975000.0
34,Điện thoại bàn Panasonic KX-TGC312 hàng chính hãng,1590000,https://tiki.vn/dien-thoai-ban-panasonic-kx-tgc312-hang-chinh-hang-p181928189.html?spid=181928190,21,,28.0,Panasonic,dienthoaiban,44520000.0
35,Điện thoại bàn Panasonic KX-TS880 hàng chính hãng,1050000,https://tiki.vn/dien-thoai-ban-panasonic-kx-ts880-hang-chinh-hang-p181977398.html?spid=181977400,22,,39.0,Panasonic,dienthoaiban,40950000.0
36,Điện thoại bàn Panasonic KX-TGC310 hàng chính hãng,1050000,https://tiki.vn/dien-thoai-ban-panasonic-kx-tgc310-hang-chinh-hang-p181928208.html?spid=181928209,23,,43.0,Panasonic,dienthoaiban,45150000.0
37,Tay con điện thoại bàn Panasonic TGCA30- Hàng chính hãng,750000,https://tiki.vn/tay-con-die-n-thoa-i-ban-panasonic-tg-p252884932.html?spid=252884933,24,,1.0,Panasonic,dienthoaiban,750000.0
38,Điện thoại Panasonic KX-TGF310CX -Hàng chính hãng,2299000,https://tiki.vn/dien-thoai-panasonic-kx-tgf310cx-hang-chinh-hang-p118139108.html?spid=118139109,25,,29.0,Panasonic,dienthoaiban,66671000.0
39,Điện Thoại Bàn Panasonic KXTS 520 - Hàng Chính Hãng,469000,https://tiki.vn/dien-thoai-ban-panasonic-kxts-520-hang-chinh-hang-p4059671.html?spid=36671794,26,,79.0,Panasonic,dienthoaiban,37051000.0
40,Điện thoại để bàn Panasonic KX TSC11MX hàng chính hãng,650000,https://tiki.vn/dien-thoai-de-ban-panasonic-kx-tsc11mx-hang-chinh-hang-p16523479.html?spid=49302185,27,,90.0,Panasonic,dienthoaiban,58500000.0
41,Điện thoại bàn không dây Panasonic KX-TGD312 - Hàng Chính Hãng,1920000,https://tiki.vn/dien-thoai-ban-khong-day-panasonic-kx-tgd312-hang-chinh-hang-p11251711.html?spid=53559453,28,,9.0,Panasonic,dienthoaiban,17280000.0
42,Điện Thoại Bàn Panasonic KXTGF310CX - Hàng Chính Hãng,2250000,https://tiki.vn/dien-thoai-ban-panasonic-kxtgf310cx-hang-chinh-hang-p4065251.html?spid=44164121,29,,3.0,Panasonic,dienthoaiban,6750000.0
43,Điện thoại bàn không dây Panasonic KX-TGD310 - Hàng Chính Hãng,1280000,https://tiki.vn/dien-thoai-ban-khong-day-panasonic-kx-tgd310-hang-chinh-hang-p11251770.html?spid=53559078,30,,18.0,Panasonic,dienthoaiban,23040000.0
44,Điện Thoại Bàn Panasonic KX-TSC11 - Hàng Chính Hãng,620000,https://tiki.vn/dien-thoai-ban-panasonic-kx-tsc11-hang-chinh-hang-p125171841.html?spid=125171849,31,,26.0,Panasonic,dienthoaiban,16120000.0
45,Điện Thoại Bàn Panasonic KX-TSC11,639000,https://tiki.vn/dien-thoai-ban-panasonic-kx-tsc11-hang-chinh-hang-p4048581.html?spid=26683926,32,,63.0,Panasonic,dienthoaiban,40257000.0
46,Điện thoại Panasonic KX-TS520MX - Trắng - Hàng chính hãng,450000,https://tiki.vn/dien-thoai-panasonic-kx-ts520mx-trang-hang-chinh-hang-p113475741.html?spid=113475742,33,,8.0,Panasonic,dienthoaiban,3600000.0
47,Điện thoại để bàn Panasonic KX-TS880 hàng chính hãng,1250000,https://tiki.vn/dien-thoai-de-ban-panasonic-kx-ts880-hang-chinh-hang-p16521748.html?spid=43336431,34,,3.0,Panasonic,dienthoaiban,3750000.0
48,Điện thoại bàn Panasonic KX-TS580 hàng chính hãng,999000,https://tiki.vn/dien-thoai-ban-panasonic-kx-ts580-hang-chinh-hang-p170727305.html?spid=185711237,35,,1.0,Panasonic,dienthoaiban,999000.0
49,Điện Thoại Để Bàn Panasonic KX-TS500MX - Hàng Chính Hãng,380000,https://tiki.vn/dien-thoai-de-ban-panasonic-kx-ts500mx-hang-chinh-hang-p157835051.html?spid=157835053,36,,7.0,Panasonic,dienthoaiban,2660000.0
50,Điện thoại bàn không dây Panasonic KX-TGC313 - Hàng Chính Hãng,2100000,https://tiki.vn/dien-thoai-ban-khong-day-panasonic-kx-tgc313-hang-chinh-hang-p23142193.html?spid=53536558,37,,14.0,Panasonic,dienthoaiban,29400000.0
51,ĐIỆN THOẠI CỐ ĐỊNH PANASONIC KX-TS580MX,940000,https://tiki.vn/dien-thoai-co-dinh-panasonic-kx-ts580mx-hang-chinh-hang-p11415485.html?spid=53635663,38,,28.0,Panasonic,dienthoaiban,26320000.0
52,Điện thoại bàn không dây Panasonic KX-TGF320 - Hàng Chính Hãng,2500000,https://tiki.vn/dien-thoai-ban-khong-day-panasonic-kx-tgf320-hang-chinh-hang-p11110653.html?spid=53559897,39,,21.0,Panasonic,dienthoaiban,52500000.0
53,Điện thoại cố định Panasonic KX-TS520MX ( màu đen)-Hàng chính hãng,469000,https://tiki.vn/dien-thoai-de-ban-panasonic-kx-ts520mx-mau-den-hang-chinh-hang-p258668285.html?spid=258668286,40,,,Panasonic,dienthoaiban,
54,Điện thoại để bàn Panasonic KX-TS580 hàng chính hãng,850000,https://tiki.vn/dien-thoai-de-ban-panasonic-kx-ts580-hang-chinh-hang-p16518729.html?spid=43982425,41,,3.0,Panasonic,dienthoaiban,2550000.0
55,Điện thoại kéo dài Panasonic KX-TGC210 - Hàng chính hãng,1110000,https://tiki.vn/dien-thoai-keo-dai-panasonic-kx-tgc210-hang-chinh-hang-p11251935.html?spid=113394438,42,,10.0,Panasonic,dienthoaiban,11100000.0
56,Điện thoại để bàn Panasonic KX-TS880 hàng chính hãng,1060000,https://tiki.vn/dien-thoai-de-ban-panasonic-kx-ts880-hang-chinh-hang-p192694043.html?spid=53635751,43,,13.0,Panasonic,dienthoaiban,13780000.0
57,Điện thoại bàn Panasonic KX-TS560 hàng chính hãng,688000,https://tiki.vn/dien-thoai-ban-panasonic-kx-ts560-hang-chinh-hang-p170727266.html?spid=170727270,44,,48.0,Panasonic,dienthoaiban,33024000.0
58,Điện thoại bàn treo tường TC990,250000,https://tka.tiki.vn/pixel/pixel?data=ABf5nu6SXBDat-sSB7ky27VeE-IaDyt9FAnyRO_RsHOolwhp-bmJuM-n9XsyE2uuM12g-tc42aBr2F9vZXaFYFdS2jx6xWVAj9DTKHZMIoHEXaWyWZ9qUDF3d8hXERgmIpqqIgXPdqRvOYnTde_OfauZbtjs2OoD-nmugEsLCQIWRRWlfPB23E1JYvFVOJBUtCW3aQfG-Oq_zd4MzOc9YP6m2tlAgS0Pwno0nelx9UPe-6y_ll4UMf7exIlzw3XbCRbW_IW7JHf2-aMtvVv2oaIST2d32td0Ran15evvKcHpPvs0P0Dhhp3IGIQLOsW_kbLFlfnuWzOw8ivP5a4g-BagTDaStbYSL_SAzM1E4QD7KaHR8NlgJTCP8IkRv1eqUpcnXfnEFHGiIQRpNQEbEoPXxNvtGjU8LfopJAbjtDz7b8HDaFyAJxjvFsEGovCzNVN5ITfULIUB8_XYOVBT_kCfat0tp7MP75pOnTlv_gafn5reMzEx0x0O0ltg8drrLFVFqeyLOiXrihgKMyPYe9fHzqrbW-BIRGFN3Y1iM6ishltJsmxhoYkMJvIcF18-Js16ZDC5zVJyt_7aiXcYodj3UJZxa7k-JmqiWeWMyRgAWZLA3PQ1xVhMfUZJe0LC8ehvlOYzCGBiE_TG-2q2kIGe_rOG987OpfE7-eQYREjqzsX3tVmDupLIHyDgxsUtPVi6tRK0bsygZ1x3oJOikXyd8GYHrKJZ1FBYeWGsgP4VKLCGV5AbqftdJCC0NFtgJy-bXbZDWMvUnYVBvv7O3crmfd-wGGJSiO8OYEDh1BfHay8A09HABsSMSq17Sg_Ut_-e4SSKqhNNJ4D0u86Ntbbg4PvGt91kMlMD9d0y-V500efdWiCApSZsOP564md4TaPpyDnpIjcJ0XcN5END2UHDL9dtMb9rWm7rXVwdceJuGr7qJKMhFrS4goBNrNGOJRdgnnwAQVs-r3Hn1zzB9rfRhwkj2ietWlif3lL35ZfJsU3kcJ05NHpqdFFcxK0A0dXmWn6E13UCTw85cFVmsDOPIQsDOVb1E4kfqC6TgT427ca5Ecn2uDw7wg&reqid=Kf7bEWPrMXAGiIgJ&type=CLICK&pos=1,1,,21.0,Uniden,dienthoaiban,5250000.0
59,Điện thoại bàn treo tường TC990,250000,https://tiki.vn/dien-thoai-ban-uniden-as-7101-hanh-chinh-hang-p173789184.html?spid=173789188,2,,21.0,Uniden,dienthoaiban,5250000.0
60,Yealink W73P - Điện thoại IP cầm tay không dây DECT - Hàng Chính Hãng - Điện thoại IP mẹ bồng con,3000000,https://tiki.vn/yealink-w73p-dien-thoai-ip-cam-tay-khong-day-dect-hang-chinh-hang-dien-thoai-ip-me-bong-con-p220670303.html?spid=220670304,1,,,Yealink,dienthoaiban,
61,ĐIỆN THOẠI HỘI NGHỊ YEALINK CP960 -HÀNG CHÍNH HÃNG,15230000,https://tiki.vn/dien-thoai-hoi-nghi-yealink-cp960-p117347869.html?spid=125595231,2,,,Yealink,dienthoaiban,
62,Điện thoại bàn DECT không dây Yealink W73H có chân đế - Hàng chính hãng,2200000,https://tiki.vn/dien-thoai-ban-dect-khong-day-yealink-w73h-co-chan-de-tuong-thich-voi-yealink-w73p-p220678495.html?spid=220678496,3,,,Yealink,dienthoaiban,
63,Điện thoại VoIP Yealink SIP-T30,1050000,https://tiki.vn/dien-thoai-voip-yealink-sip-t30-p94453667.html?spid=94453668,4,,,Yealink,dienthoaiban,
64,Điện thoại VoIP Yealink SIP-T30 - Hàng Chính Hãng,1200000,https://tiki.vn/dien-thoai-voip-yealink-sip-t30-hang-chinh-hang-p102620086.html?spid=102620089,5,,,Yealink,dienthoaiban,
65,Điện thoại bàn Panasonic KX-TS500MX-hàng chính hãng,300000,https://tka.tiki.vn/pixel/pixel?data=8HpK0Pmbtj1LVA5OJd1DIsjC6rbHErFTa-wAbkLUD3lLdmxmGo1N5dCsWLf_xICwu2uOY7iafuQXnyq51O9ONlDG7ITE6wZWNIQE20RIRiam9RKGn41EXpSmRcrajj-2e7QBKn9r9H1O3aa7EBV24aGGRwUKLN7AHdJGtRSDYsSQElhUVNifajymD581z4zNaTxT3exCcTP2FlxeonDfkqXzdWu3hcVxrCFgOpQVgsU8UM_Svb1dzqd5cNhtKg-E4N1nNPcQOaKkkS7r0UHiYjXyiNmCZ_P_TyWW4el1W3VkJYswo7O7B2Wyo67JDLsoL6ve48Nl7t2TgqunPKKSnewV3FRf_QzWDUwjNPRckjTTxKq3FBolSqhpvG3q9I1WkU0lSMbbTIjhqtscSjD-WXDF_ATRn7J8hWsQ7VrekusE7cMb5tKF4Kpu-S1wD9Ib0jiFkCkTuCbysc_jEaCXnXW43cZBFDo_BC_F1ejBrApkdf-_ffN6jECyUjIgcNZxvkx7rp4u65eRj2zlGMXFgD9xfhi7LxXrnD9bGT-n1NgvC6c7rYmNVWuy1Ntk_HCrOJbbSaHdR_1if66_2fl8b1cYBl0YWxgUMwtgz6Q8Zbl0CVHz1TEvO1BulvkxC8i_g_sGt8If2C5S-hvEd3K8wdkec-fjeq6A2SY7m6etsEgekr3gnZkuZcAMhqSCVDaTpMkidqyAKTeFjhhvRnQkk-vSJwy3zDyeXQTvDnX4HasGZ8jFVW8hLtN_URzaX0QMUoJGyf0vjHxsgd102gibbBIyf5hr08IEg8JAie0k73HsDV9ZkT-nYxGa3e6jOSEiM9lrVHktuC0sZOBEhAXNTAE6QnmUWb_X2cR9PfAGlNBkFWUvguiVb-t1meEg08b6N7TQ9_u_arYFtzv0k9bO0AfsMmy9RkNYdHmszl_05_bdYpAtwyf1G2mGMX2A7WgkVd5gdt3MKQwCbfUNrtpm0XJf4TktE5PIJ-neiMVBacY65FBhPvs9B61o5F4R3UB__JE_NuZkYJEuL_AYp0IvCez_x7sVk9ka0ggVabb44GU&reqid=QWIspnWdFdVJlOKp&type=CLICK&pos=41,1,-2%,819.0,Panasonic,dienthoaiban,245700000.0
66,Điện thoại bàn Panasonic KX-TGF310 hàng chính hãng,2250000,https://tka.tiki.vn/pixel/pixel?data=8yt9yBX-OpGGb9VjaSuu8CmSrX6UKS-7n0pqvV4U7MTYDirb9Ba0JkZbNnh8WvfrWCwNoJnxHNXd1WqYEsgnXp6wN7r0otFAMbhsefxOJn9zhftr6coYox7oN4WCu4Rp_bDFdoYPEwKuWKjQXgvBZR5Rtdz2h6wY6L1SF3ZiEefoqieljNOcAqpCwgxlXbXrJ98ES8ySKFedhQsG-EG4MBnlXTKtctK0euslkXSI1R5V-2fACkx98-gtpazSpMIYwz2mJCALLo2zOUcCeAB2GP7pAq7LnE7H9tVtyVIQWV_d1wna1b3ganSd8CCNsyLUgd7UnooJNU9XHEcKzPo5fryN56TLVvXd2FAh163qUTdtA7KgdW-u93A5qA8A4ME3SUk4vL8H-9fswBkF4BfZD6o6ihuyKZeAa1Vw_SJz1Wk2TCg6Z5W_Dul0g9Y1v0YgJdFtg0yPr_GRlerpbCdcFzJ7tQf6hNCn-SARidgg1Y-dEQ6PQlUrCicLMzFnNusX3qYZhZcHkYRwuEetqQOSGRnjEEWMvZVCOQvRP4aA5PWoymKwD32OPpOzIcgN9rqafSxwG-l6JPYks-W6csVaeOygeI3v0SzD40Mai7fyeGie_T_WqC-07ffmM8X65hlLdmWMucatinJlE93rDQTcQCYi9JDej7zQEzUUlECD6JVKpILHqYTCU9UAV7C82QVoOZQ6lZDOeIprq2gn5fSIkANmjbxLcJ3cEc3b0i_NQOFq4Iuotdy46u3zxfS96dhNRNNuhkoGHSV5LGmO3VCEaqJsuEPfb3_4lpDrV9m7g_Jx-1O7y7OgPxYjXH0n89suAQvFU-3PbRRXpX7jfmLPO0GDq38_H1a4J_N395UdU1VgT2dvfOzsM6T0t5_Av_hfje7VlPmDXV1_8mSmMeVORSexNqP_t1ZFic0bBGmmSf-3dI9rQ6oAH4_GPeu0o3TXZzPpjF7HSJ_iAl9Rg2D-EiAIeuHwdcWGioBa6u5C3SwPcvdMSu_wF8nVAjluypHzzOOUAVHjAagRX7WoBdZ7taTCYBswUvRSobayVeE2viHTK6YA5gB1euIfdKc&reqid=QWIspnWdFdVJlOKp&type=CLICK&pos=42,2,,34.0,Panasonic,dienthoaiban,76500000.0
67,Điện Thoại Bàn Panasonic KX-TSC11 - Hàng Chính Hãng,588000,https://tka.tiki.vn/pixel/pixel?data=v-THd7pTS6HipULvTYrsHYcQCrAPmF8DtLFneEKOQ4VcxoDT99n9_rV3vyNpWxf0srk_K5gqRiKtEn0JfR7l_u9e5fT_B4Y8jiQEhCqNwB5EdjWvSz6SXDE2VV0qb9E-rteK5-J3kWIivq9HqrUN47J8Q4uW6X17DtqGVSsX9u94wntSEHlaov9Sr4BDpMeBuGz8QjdYFwHjsT5LskxsZKEhjjKA704DTRKWKCLgIxe6tP-MqpgocPQiaIvMMze1stUNE1wYnsX8MnE3FDHtmS2CB1mQ9dq3I7qfXRY3XtDVqwX0ZFeXhjikBYp4A0a5JtekRT7bnUO7YgO6Q-AUmvtvEkE4UfslxNp8UYiLH6wzI2uZFM5TTLz4WZ6ABnRvYDxzIO70WDZznLkykt7Kqf4AK_hZ0chWxb0zzJ7wLb9nj0Zzjou8CRXzgcIsrFURSs43daNS8qquXqM4iobYNjT5zM6-SR9h5RwGuRDzXU2uTdTajsAqMvL2Ytx57DHRmugM3L0eUSI1qvCuuI46J1K_rcsYQ5M92fIEUAlqm8X6tW34HH5u42eCR-K3L0Qo-rUnJ_2eSadTzZ4ddMNU2cTyYV4VgCF1nzXzkeXFNsSpHSvDOGPJMhQAc1ajIZKQORtGmq6CAW3zdn_RrCjE5XayGRoXl0HPzFJJEHAFOGKRLz7iKmrlNsI3opqOdAfQ_MqOXC4PW5YPLIxtQzHSPz_Dy4FpcKFYCYOCvkC_MSRrF_wdyeDntlom_zFn3HlTgVEHDK2BpEka3Ok4PGv9WZTbFM8_SBTCJImK_khrJ3gfBeXjGBovlT6nCC50_C91UqWwlgF5ATWbW2VjUs1INAIaWZIE3ZUoQXX_8gsVzCls78HxFWNW2mNihWeuhq7PpzFunZoP8SbyZa9KzlKcSP4-N0vOk3YuEVbpBhGb7emC77AOgnZXX73TSXL-P_qklYnGei6FgYeWEsAPhKFqNzNTiveFyFeLCCmBYicJ0DOV2z2sdDQ5uQzfYSvz2pwejbgJPyIIe34bI25wFizl-dPRw2iu-P809wLEV47svfQS1DoF0uWggDknKw&reqid=QWIspnWdFdVJlOKp&type=CLICK&pos=43,3,,245.0,Panasonic,dienthoaiban,144060000.0
68,Điện thoại bàn Panasonic KX-TGC312 hàng chính hãng,1590000,https://tka.tiki.vn/pixel/pixel?data=HrF_ehcVbCWWmpR8DVQl-HEc_bEhdJYIpMPGtWpRpXm-FCJu9r-59uDabEM9DhYJl0KpDxdwdTtJaTRd6HibFNfSHLVLdta_yW_Vw2nckE6eI886Lcp7pieGXA1P2oiK2bgePkGGOyE8BbHzGbcdbRRADiCvTeAA-npz2wKuq2jZ0Bo5idYuaE8tw6trzfTnmUILCMHECcjdKk_Sn4M3aTJo4k22jSyk47XjQJdXcIXH-H7TD5M8PPYcli5k3HNiF4Z-klqjH2_x8Dr6SxOAN59ckihRMv2pWVxcmQSdV2cH88fvY6G_zYfE1iuoQP5tra0S5e2n5c7y-O9JkdbREn6bOvqzo6jvIh9yXbwmSc7lPEG5gVIlCOrkIgLqE1SR2Mp0MFuxo9FKPHxPKtavcqNfkjCxl9zDnxBruUnZXxdAlwLqFWWwB1v5D4i03VZase_WaRiO_QsVysxa-Eo_75GR1rs7Dq68SV0lTzrCB_qzLvV6j4vE57ZstpYfKOgx4r3dHRiDfVY7W0a5sy6pjQueqzdgs53yZcYIL0DSmY-jqtBwNLy4Kp8xFn5eIlCYbx8rve5qij_CwAO1pXJmwkDzTYpvIcXfQ0F1Xr0hZFTslDwIrRGZ1fbwe_9Au0G29E1CSkTKRpTawF59AYiYPAokGTUF-HJ83rJgB4TGp5ihZziYhHLp8uMyxFpi3FGplif1SL5vPIphpPpK8QZUs3JOOYxD7a4UImNqSk7-ncRhudaQHdmwccUVXSDXygVwc7D_r9W-YK0z7zOXxq4oWlJqpqrdTEm6NT23OqZYaX_jcRqOqpIODOIWJN7NplFJWDG5iSsMQEXiib90Lnkgih6Mny3dV7kRDxfWhfcpe-V35qcAHE6EpzfVe0G096ob2ITB_14FkfJThpmTMHa8vgBnHSuW-7ADJdPvxj9Zxd59saY29Rb8cWupNaXcu4K-EGM9gR226VJUvtnV3XPC2Tun2DNJxfbh-f947Z5IJvkq6DpP76J9QS_YZx4SXIZ0LaxJ7QccBE2RpYmYphgo4zYPwNJROg7iB6X0aIyhzhNDVfvAl91DEjKl3Fg&reqid=QWIspnWdFdVJlOKp&type=CLICK&pos=44,4,,28.0,Panasonic,dienthoaiban,44520000.0
69,Điện thoại Panasonic KX-TGB112CX -Hàng chính hãng,1199000,https://tiki.vn/dien-thoai-panasonic-kx-tgb112cx-hang-chinh-hang-p118100268.html?spid=118100269,5,,,Panasonic,dienthoaiban,
70,Điện thoại Panasonic KX-TS820MX -Hàng chính hãng,499000,https://tiki.vn/dien-thoai-panasonic-kx-ts820mx-hang-chinh-hang-p117927643.html?spid=117927644,6,,5.0,Panasonic,dienthoaiban,2495000.0
71,Điện thoại Panasonic KX-TS520MX -Hàng chính hãng,449000,https://tiki.vn/dien-thoai-panasonic-kx-ts520mx-hang-chinh-hang-p156222386.html?spid=258667798,7,,,Panasonic,dienthoaiban,
72,Điện thoại Panasonic KX-TGC312CX -Hàng chính hãng,1529000,https://tiki.vn/dien-thoai-panasonic-kx-tgc312cx-hang-chinh-hang-p118103703.html?spid=118103704,8,,,Panasonic,dienthoaiban,
73,Điện thoại bàn có dây Panasonic KX-TS560MX,730000,https://tiki.vn/dien-thoai-ban-co-day-panasonic-kx-ts560mx-hang-chinh-hang-p11376644.html?spid=131391454,9,,12.0,Panasonic,dienthoaiban,8760000.0
74,Điện thoại để bàn Panasonic KX-TS840 hàng chính hãng,800000,https://tiki.vn/dien-thoai-de-ban-panasonic-kx-ts840-hang-chinh-hang-p16520424.html?spid=44164123,10,,,Panasonic,dienthoaiban,
75,Điện Thoại Bàn Panasonic KXTGF320CX - Hàng Chính Hãng,2350000,https://tiki.vn/dien-thoai-ban-panasonic-kxtgf320cx-hang-chinh-hang-p4065607.html?spid=77768129,11,,9.0,Panasonic,dienthoaiban,21150000.0
76,Điện thoại Panasonic KX-TS560MX -Hàng chính hãng,675000,https://tiki.vn/dien-thoai-panasonic-kx-ts560mx-hang-chinh-hang-p117929538.html?spid=117929539,12,,6.0,Panasonic,dienthoaiban,4050000.0
77,Điện thoại Panasonic KX-TGC313CX -Hàng chính hãng,1949000,https://tiki.vn/dien-thoai-panasonic-kx-tgc313cx-hang-chinh-hang-p118124199.html?spid=118124200,13,,1.0,Panasonic,dienthoaiban,1949000.0
