title,price,link_item,index,discount,sales,category
QUẦN THUN HỒNG NỈ (bản đặc biệt),483.000₫,https://tiki.vn/quan-thun-hong-ni-ban-dac-biet-p167980540.html?spid=167980558,1,,,dodoinam
Sét Đồ Đi Biển Cao Cấp - Áo & Quần Đủ Size (DDB109),195.000₫,https://tiki.vn/set-do-di-bien-cao-cap-ao-quan-du-size-ddb109-p95900069.html?spid=95902073,2,,,dodoinam
Bộ Đồ Đi Biển Cao Cấp - Áo & Quần Đủ Size (DDB123),195.000₫,https://tiki.vn/bo-do-di-bien-cao-cap-ao-quan-du-size-ddb123-p95904630.html?spid=95906332,3,,,dodoinam
Áo gia đình Summer Time Trái Thơm - Màu trắng (GD335T),65.000₫,https://tiki.vn/ao-gia-dinh-summer-time-trai-thom-mau-trang-gd335t-p95909006.html?spid=95909836,4,,,dodoinam
,,https://tiki.vn/ao-nhom-gia-dinh-thu-dong-love-family-p105549972.html?spid=105551449,5,,,dodoinam
Áo Gia Đình - Family tim,25.000₫,https://tiki.vn/ao-gia-dinh-family-tim-p105549687.html?spid=105550810,6,,,dodoinam
Áo Gia Đình màu sắc,25.000₫,https://tiki.vn/ao-gia-dinh-mau-sac-p105549195.html?spid=105549462,7,,,dodoinam
Áo Gia Đình - thun cỗ tròn - WE ARE ONE - màu trắng,25.000₫,https://tiki.vn/ao-gia-dinh-thun-co-tron-we-are-one-mau-trang-p105549033.html?spid=105549043,8,,,dodoinam
Đồ gia đình - CÓ SIZE LỚN - màu trắng (GD295T),91.000₫,https://tiki.vn/do-gia-dinh-co-size-lon-mau-trang-gd295t-p95910308.html?spid=95910600,9,,,dodoinam
,,https://tiki.vn/set-quan-ao-di-bien-du-size-ddb54-p95899308.html?spid=95899611,10,,,dodoinam
Áo Quần Tắm Biển Cao Cấp - Đủ Size Nam Nữ (DDB114),195.000₫,https://tiki.vn/ao-quan-tam-bien-cao-cap-du-size-nam-nu-ddb114-p95911979.html?spid=95912519,11,,,dodoinam
Nguyên Bộ Đồ Đi Biển Ấn Tượng - Đủ size (DDB96),195.000,https://tiki.vn/nguyen-bo-do-di-bien-an-tuong-du-size-ddb96-p95911087.html?spid=95913287,12,,,dodoinam
,,https://tiki.vn/ao-gia-dinh-just-do-it-p105549501.html?spid=105550952,13,,,dodoinam
"Áo thun in hình FNI.509, Thun 100% COTTON - form rộng UNISEX",99.000₫,https://tiki.vn/ao-thun-in-hinh-fni-509-thun-100-cotton-form-rong-unisex-p109721278.html?spid=109721640,14,,,dodoinam
"ÁO NHÓM, GIA ĐÌNH Thu đông - NGÔI SAO",65.000₫,https://tiki.vn/ao-nhom-gia-dinh-thu-dong-ngoi-sao-p105549584.html?spid=105550446,15,,,dodoinam
Mẫu áo gia đình đẹp - Màu hồng phấn - Đủ size từ 9kg-90kg | SGSHOP,91.000₫,https://tiki.vn/mau-ao-gia-dinh-dep-mau-hong-phan-du-size-tu-9kg-90kg-sgshop-p95911981.html?spid=95913504,16,,,dodoinam
Bộ gia đình HAPPY HOLIDAY - ĐỦ SIZE áo quần (DDB76),195.000,https://tiki.vn/bo-gia-dinh-happy-holiday-du-size-ao-quan-ddb76-p95907176.html?spid=95907641,17,,,dodoinam
,,https://tiki.vn/ao-gia-dinh-i-love-family-du-size-mau-trang-gd306t-p95909721.html?spid=95909877,18,,,dodoinam
Nguyên Bộ Đi Biển Happy Holiday - Đủ Size (DDB103),195.000₫,https://tiki.vn/nguyen-bo-di-bien-happy-holiday-du-size-ddb103-p95899458.html?spid=95903062,19,,,dodoinam
Nguyên Bộ Đi Biển We Are One - Đủ Size (DDB62),195.000₫,https://tiki.vn/nguyen-bo-di-bien-we-are-one-du-size-ddb62-p95904367.html?spid=95906077,20,,,dodoinam
Nguyên Bộ Áo và Quần Đi Biển Cao Cấp - Đủ Size (DDB100),195.000₫,https://tiki.vn/nguyen-bo-ao-va-quan-di-bien-cao-cap-du-size-ddb100-p95907723.html?spid=95910114,21,,,dodoinam
"áo nhóm đi chơi DC77, du lịch biển, phông, thun, chất đẹp, sáng tạo khắc có gạo ăn, ai say khiêng về",50.000₫,https://tiki.vn/ao-nhom-di-choi-dc77-du-lich-bien-phong-thun-chat-dep-sang-tao-khac-co-gao-an-ai-say-khieng-ve-p126183989.html?spid=126189284,22,,,dodoinam
Áo gia đình - TẾT,35.000₫,https://tiki.vn/ao-gia-dinh-tet-p105549937.html?spid=105551414,23,,,dodoinam
Áo gia đình bắn tim - có size lớn - màu thiên thanh (GD309XL),91.000₫,https://tiki.vn/ao-gia-dinh-ban-tim-co-size-lon-mau-thien-thanh-gd309xl-p95903728.html?spid=95904406,24,,,dodoinam
Áo thun gia đình ngộ nghĩnh ĐỦ SIZE màu trắng GD310T,91.000₫,https://tiki.vn/ao-thun-gia-dinh-ngo-nghinh-du-size-mau-trang-gd310t-p95911728.html?spid=95913100,25,,,dodoinam
,,https://tiki.vn/ao-gia-dinh-hello-summer-thun-cotton-mau-vang-gd319vd-p95900541.html?spid=95901182,26,,,dodoinam
Áo thun gia đình - Happy family - màu hồng (GD282HN),91.000₫,https://tiki.vn/ao-thun-gia-dinh-happy-family-mau-hong-gd282hn-p95910731.html?spid=95911128,27,,,dodoinam
Áo Gia Đình - trắng - Family,25.000₫,https://tiki.vn/ao-gia-dinh-trang-family-p105549871.html?spid=105550911,28,,,dodoinam
ÁO THUN NAM NỮ CÓ CỔ - màu sắc,55.000₫,https://tiki.vn/ao-thun-nam-nu-co-co-mau-trang-den-p105549566.html?spid=105550584,29,,,dodoinam
Áo Thun Gia Đình Là Số 1 - Màu Hồng Nhạt (GD338HN),65.000₫,https://tiki.vn/ao-thun-gia-dinh-la-so-1-mau-hong-nhat-gd338hn-p95899830.html?spid=95900900,30,,,dodoinam
,,https://tiki.vn/ao-gia-dinh-summer-du-size-mau-trang-gd312t-p95909576.html?spid=95910004,31,,,dodoinam
Áo gia đình - THUN 4 CHIỀU DÀY DẶN - màu trắng (GD274T),91.000₫,https://tiki.vn/ao-gia-dinh-thun-4-chieu-day-dan-mau-trang-gd274t-p95904475.html?spid=95905130,32,,,dodoinam
Đồ đi biển SUMMER - ĐỦ SIZE áo quần (DDB58),195.000₫,https://tiki.vn/do-di-bien-summer-du-size-ao-quan-ddb58-p95905286.html?spid=95905561,33,,,dodoinam
Bộ đồ nhóm ĐI BIỂN - ĐỦ SIZE áo quần (DDB75),195.000₫,https://tiki.vn/bo-do-nhom-di-bien-du-size-ao-quan-ddb75-p95898227.html?spid=95898445,34,,,dodoinam
Nguyên Bộ Đi Biển Cao Cấp - Áo & Quần Đủ Size (DDB124),195.000,https://tiki.vn/nguyen-bo-di-bien-cao-cap-ao-quan-du-size-ddb124-p95905925.html?spid=95906051,35,,,dodoinam
,,https://tiki.vn/ao-thun-gia-dinh-ngoi-sao-cao-cap-mau-trang-gd342t-p95900771.html?spid=95901868,36,,,dodoinam
Áo Đôi Nam Nữ Unisex AGAIN and Siêu Đẹp,85.000₫,https://tiki.vn/ao-doi-nam-nu-unisex-again-and-sieu-dep-p152766407.html?spid=152767523,37,,,dodoinam
Áo Thun Gia Đình Family - Thun Cotton - Màu trắng - Đủ Size (GD333T),65.000₫,https://tiki.vn/ao-thun-gia-dinh-family-thun-cotton-mau-trang-du-size-gd333t-p95911326.html?spid=95913048,38,,,dodoinam
Áo Gia Đình Tân Sửu - Áo Tết 2021 - Thun cotton 4 chiều dày dặn (SGY209) | SGSHOP,91.000₫,https://tiki.vn/ao-gia-dinh-tan-suu-ao-tet-2021-thun-cotton-4-chieu-day-dan-sgy209-sgshop-p95909188.html?spid=95910204,39,,,dodoinam
"ÁO GIA ĐÌNH, NHÓM Thu đông - LOVE",50.000₫,https://tiki.vn/ao-gia-dinh-nhom-thu-dong-love-p105549614.html?spid=105551168,40,,,dodoinam
